year,start,flag1,team1,flag2,team2,score1,score2,round,OT,pos,pso1,pso2
1930,1930-07-13,fra,France,mex,Mexico,4,1,Round 1 - Group 1,N,N,,
1930,1930-07-15,arg,Argentina,fra,France,1,0,Round 1 - Group 1,N,N,,
1930,1930-07-16,chi,Chile,mex,Mexico,3,0,Round 1 - Group 1,N,N,,
1930,1930-07-19,chi,Chile,fra,France,1,0,Round 1 - Group 1,N,N,,
1930,1930-07-19,arg,Argentina,mex,Mexico,6,3,Round 1 - Group 1,N,N,,
1930,1930-07-22,arg,Argentina,chi,Chile,3,1,Round 1 - Group 1,N,N,,
1930,1930-07-14,yug,Yugoslavia,bra,Brazil,2,1,Round 1 - Group 2,N,N,,
1930,1930-07-17,yug,Yugoslavia,bol,Bolivia,4,0,Round 1 - Group 2,N,N,,
1930,1930-07-20,bra,Brazil,bol,Bolivia,4,0,Round 1 - Group 2,N,N,,
1930,1930-07-14,rou,Romania,per,Peru,3,1,Round 1 - Group 3,N,N,,
1930,1930-07-18,uru,Uruguay,per,Peru,1,0,Round 1 - Group 3,N,N,,
1930,1930-07-21,uru,Uruguay,rou,Romania,4,0,Round 1 - Group 3,N,N,,
1930,1930-07-13,usa,United States,bel,Belgium,3,0,Round 1 - Group 4,N,N,,
1930,1930-07-17,usa,United States,par,Paraguay,3,0,Round 1 - Group 4,N,N,,
1930,1930-07-20,par,Paraguay,bel,Belgium,1,0,Round 1 - Group 4,N,N,,
1930,1930-07-26,arg,Argentina,usa,United States,6,1,Semi-Final,N,N,,
1930,1930-07-27,uru,Uruguay,yug,Yugoslavia,6,1,Semi-Final,N,N,,
1930,1930-07-30,uru,Uruguay,arg,Argentina,4,2,Final,N,N,,
1934,1934-05-27,swe,Sweden,arg,Argentina,3,2,Round 1 - Knockout,N,N,,
1934,1934-05-27,aut,Austria,fra,France,3,2,Round 1 - Knockout,Y,N,,
1934,1934-05-27,ger,Germany,bel,Belgium,5,2,Round 1 - Knockout,N,N,,
1934,1934-05-27,esp,Spain,bra,Brazil,3,1,Round 1 - Knockout,N,N,,
1934,1934-05-27,hun,Hungary,egy,Egypt,4,2,Round 1 - Knockout,N,N,,
1934,1934-05-27,sui,Switzerland,ned,Netherlands,3,2,Round 1 - Knockout,N,N,,
1934,1934-05-27,ita,Italy,usa,United States,7,1,Round 1 - Knockout,N,N,,
1934,1934-05-27,tch,Czechoslovakia,rou,Romania,2,1,Round 1 - Knockout,N,N,,
1934,1934-05-31,tch,Czechoslovakia,sui,Switzerland,3,2,Quarter Final,N,N,,
1934,1934-05-31,ger,Germany,swe,Sweden,2,1,Quarter Final,N,N,,
1934,1934-05-31,ita,Italy,esp,Spain,1,1,Quarter Final,Y,N,,
1934,1934-05-31,aut,Austria,hun,Hungary,2,1,Quarter Final,N,N,,
1934,1934-06-01,ita,Italy,esp,Spain,1,0,Quarter Final,N,N,,
1934,1934-06-03,ita,Italy,aut,Austria,1,0,Semi-Final,N,N,,
1934,1934-06-03,tch,Czechoslovakia,ger,Germany,3,1,Semi-Final,N,N,,
1934,1934-06-07,ger,Germany,aut,Austria,3,2,Third Place,N,N,,
1934,1934-06-10,ita,Italy,tch,Czechoslovakia,2,1,Final,Y,N,,
1938,1938-06-04,sui,Switzerland,ger,Germany,1,1,Round 1 - Knockout,Y,N,,
1938,1938-06-05,hun,Hungary,dei,Dutch East Indies,6,0,Round 1 - Knockout,N,N,,
1938,1938-06-05,fra,France,bel,Belgium,3,1,Round 1 - Knockout,N,N,,
1938,1938-06-05,cub,Cuba,rou,Romania,3,3,Round 1 - Knockout,Y,N,,
1938,1938-06-05,ita,Italy,nor,Norway,2,1,Round 1 - Knockout,Y,N,,
1938,1938-06-05,bra,Brazil,pol,Poland,6,5,Round 1 - Knockout,Y,N,,
1938,1938-06-05,tch,Czechoslovakia,ned,Netherlands,3,0,Round 1 - Knockout,Y,N,,
1938,1938-06-09,cub,Cuba,rou,Romania,2,1,Round 1 - Knockout,N,N,,
1938,1938-06-09,sui,Switzerland,ger,Germany,4,2,Round 1 - Knockout,N,N,,
1938,1938-06-12,bra,Brazil,tch,Czechoslovakia,1,1,Quarter Final,Y,N,,
1938,1938-06-12,hun,Hungary,sui,Switzerland,2,0,Quarter Final,N,N,,
1938,1938-06-12,swe,Sweden,cub,Cuba,8,0,Quarter Final,N,N,,
1938,1938-06-12,ita,Italy,fra,France,3,1,Quarter Final,N,N,,
1938,1938-06-14,bra,Brazil,tch,Czechoslovakia,2,1,Quarter Final,N,N,,
1938,1938-06-16,hun,Hungary,swe,Sweden,5,1,Semi-Final,N,N,,
1938,1938-06-16,ita,Italy,bra,Brazil,2,1,Semi-Final,N,N,,
1938,1938-06-19,bra,Brazil,swe,Sweden,4,2,Third Place,N,N,,
1938,1938-06-19,ita,Italy,hun,Hungary,4,2,Final,N,N,,
1950,1950-06-24,bra,Brazil,mex,Mexico,4,0,Round 1 - Group 1,N,N,,
1950,1950-06-25,yug,Yugoslavia,sui,Switzerland,3,0,Round 1 - Group 1,N,N,,
1950,1950-06-28,bra,Brazil,sui,Switzerland,2,2,Round 1 - Group 1,N,N,,
1950,1950-06-28,yug,Yugoslavia,mex,Mexico,4,1,Round 1 - Group 1,N,N,,
1950,1950-07-01,bra,Brazil,yug,Yugoslavia,2,0,Round 1 - Group 1,N,N,,
1950,1950-07-02,sui,Switzerland,mex,Mexico,2,1,Round 1 - Group 1,N,N,,
1950,1950-06-25,eng,England,chi,Chile,2,0,Round 1 - Group 3,N,N,,
1950,1950-06-25,esp,Spain,usa,United States,3,1,Round 1 - Group 3,N,N,,
1950,1950-06-29,esp,Spain,chi,Chile,2,0,Round 1 - Group 3,N,N,,
1950,1950-06-29,usa,United States,eng,England,1,0,Round 1 - Group 3,N,N,,
1950,1950-07-02,esp,Spain,eng,England,1,0,Round 1 - Group 3,N,N,,
1950,1950-07-02,chi,Chile,usa,United States,5,2,Round 1 - Group 3,N,N,,
1950,1950-06-25,swe,Sweden,ita,Italy,3,2,Round 1 - Group 3,N,N,,
1950,1950-06-29,swe,Sweden,par,Paraguay,2,2,Round 1 - Group 3,N,N,,
1950,1950-07-02,ita,Italy,par,Paraguay,2,0,Round 1 - Group 3,N,N,,
1950,1950-07-02,uru,Uruguay,bol,Bolivia,8,0,Round 1 - Group 4,N,N,,
1950,1950-07-09,uru,Uruguay,esp,Spain,2,2,Final Round,N,N,,
1950,1950-07-09,bra,Brazil,swe,Sweden,7,1,Final Round,N,N,,
1950,1950-07-13,bra,Brazil,esp,Spain,6,1,Final Round,N,N,,
1950,1950-07-13,uru,Uruguay,swe,Sweden,3,2,Final Round,N,N,,
1950,1950-07-16,swe,Sweden,esp,Spain,3,1,Final Round,N,N,,
1950,1950-07-16,uru,Uruguay,bra,Brazil,2,1,Final Round,N,N,,
1954,1954-06-16,mex,Mexico,bra,Brazil,5,0,Round 1 - Group 1,N,N,,
1954,1954-06-16,fra,France,yug,Yugoslavia,1,0,Round 1 - Group 1,N,N,,
1954,1954-06-19,yug,Yugoslavia,bra,Brazil,1,1,Round 1 - Group 1,Y,N,,
1954,1954-06-19,fra,France,mex,Mexico,3,2,Round 1 - Group 1,N,N,,
1954,1954-06-17,ger,Germany FR,tur,Turkey,4,1,Round 1 - Group 2,N,N,,
1954,1954-06-17,hun,Hungary,kor,South Korea,9,0,Round 1 - Group 2,N,N,,
1954,1954-06-20,hun,Hungary,ger,Germany FR,8,3,Round 1 - Group 2,N,N,,
1954,1954-06-20,tur,Turkey,kor,South Korea,7,0,Round 1 - Group 2,N,N,,
1954,1954-06-23,ger,Germany FR,tur,Turkey,7,2,Round 1 - Group 2,N,N,,
1954,1954-06-16,uru,Uruguay,tch,Czechoslovakia,2,0,Round 1 - Group 3,N,N,,
1954,1954-06-16,aut,Austria,sco,Scotland,1,0,Round 1 - Group 3,N,N,,
1954,1954-06-19,aut,Austria,tch,Czechoslovakia,5,0,Round 1 - Group 3,N,N,,
1954,1954-06-19,uru,Uruguay,sco,Scotland,7,0,Round 1 - Group 3,N,N,,
1954,1954-06-17,eng,England,bel,Belgium,4,4,Round 1 - Group 4,Y,N,,
1954,1954-06-17,sui,Switzerland,ita,Italy,2,1,Round 1 - Group 4,N,N,,
1954,1954-06-20,eng,England,sui,Switzerland,2,0,Round 1 - Group 4,N,N,,
1954,1954-06-20,ita,Italy,bel,Belgium,4,1,Round 1 - Group 4,N,N,,
1954,1954-06-23,sui,Switzerland,ita,Italy,4,1,Round 1 - Group 4,N,N,,
1954,1954-06-27,ger,Germany FR,yug,Yugoslavia,2,0,Quarter Final,N,N,,
1954,1954-06-27,hun,Hungary,bra,Brazil,4,2,Quarter Final,N,N,,
1954,1954-06-26,aut,Austria,sui,Switzerland,7,5,Quarter Final,N,N,,
1954,1954-06-26,uru,Uruguay,eng,England,4,2,Quarter Final,N,N,,
1954,1954-06-30,ger,Germany FR,aut,Austria,6,1,Semi-Final,N,N,,
1954,1954-06-30,hun,Hungary,uru,Uruguay,4,2,Semi-Final,Y,N,,
1954,1954-07-03,aut,Austria,uru,Uruguay,3,1,Third Place,N,N,,
1954,1954-07-04,ger,Germany FR,hun,Hungary,3,2,Final,N,N,,
1958,1958-06-08,arg,Argentina,ger,Germany FR,1,3,Round 1 - Group 1,N,N,,
1958,1958-06-08,nir,Northern Ireland,tch,Czechoslovakia,1,0,Round 1 - Group 1,N,N,,
1958,1958-06-11,ger,Germany FR,tch,Czechoslovakia,2,2,Round 1 - Group 1,N,N,,
1958,1958-06-11,arg,Argentina,nir,Northern Ireland,3,1,Round 1 - Group 1,N,N,,
1958,1958-06-15,ger,Germany FR,nir,Northern Ireland,2,2,Round 1 - Group 1,N,N,,
1958,1958-06-15,tch,Czechoslovakia,arg,Argentina,6,1,Round 1 - Group 1,N,N,,
1958,1958-06-17,nir,Northern Ireland,tch,Czechoslovakia,2,1,Round 1 - Group 1,Y,N,,
1958,1958-06-08,fra,France,par,Paraguay,7,3,Round 1 - Group 2,N,N,,
1958,1958-06-08,yug,Yugoslavia,sco,Scotland,1,1,Round 1 - Group 2,N,N,,
1958,1958-06-11,par,Paraguay,sco,Scotland,3,2,Round 1 - Group 2,N,N,,
1958,1958-06-11,yug,Yugoslavia,fra,France,3,2,Round 1 - Group 2,N,N,,
1958,1958-06-15,par,Paraguay,yug,Yugoslavia,3,3,Round 1 - Group 2,N,N,,
1958,1958-06-15,fra,France,sco,Scotland,2,1,Round 1 - Group 2,N,N,,
1958,1958-06-08,swe,Sweden,mex,Mexico,3,0,Round 1 - Group 3,N,N,,
1958,1958-06-08,hun,Hungary,wal,Wales,1,1,Round 1 - Group 3,N,N,,
1958,1958-06-11,mex,Mexico,wal,Wales,1,1,Round 1 - Group 3,N,N,,
1958,1958-06-12,swe,Sweden,hun,Hungary,2,1,Round 1 - Group 3,N,N,,
1958,1958-06-15,swe,Sweden,wal,Wales,0,0,Round 1 - Group 3,N,N,,
1958,1958-06-15,hun,Hungary,mex,Mexico,4,0,Round 1 - Group 3,N,N,,
1958,1958-06-17,wal,Wales,hun,Hungary,2,1,Round 1 - Group 3,N,N,,
1958,1958-06-08,urs,Soviet Union,eng,England,2,2,Round 1 - Group 4,N,N,,
1958,1958-06-08,bra,Brazil,aut,Austria,3,0,Round 1 - Group 4,N,N,,
1958,1958-06-11,bra,Brazil,eng,England,0,0,Round 1 - Group 4,N,N,,
1958,1958-06-11,urs,Soviet Union,aut,Austria,2,0,Round 1 - Group 4,N,N,,
1958,1958-06-15,bra,Brazil,urs,Soviet Union,2,0,Round 1 - Group 4,N,N,,
1958,1958-06-15,eng,England,aut,Austria,2,2,Round 1 - Group 4,N,N,,
1958,1958-06-17,urs,Soviet Union,eng,England,1,0,Round 1 - Group 4,N,N,,
1958,1958-06-19,swe,Sweden,urs,Soviet Union,2,0,Quarter Final,N,N,,
1958,1958-06-19,fra,France,nir,Northern Ireland,4,0,Quarter Final,N,N,,
1958,1958-06-19,bra,Brazil,wal,Wales,1,0,Quarter Final,N,N,,
1958,1958-06-19,ger,Germany FR,yug,Yugoslavia,1,0,Quarter Final,N,N,,
1958,1958-06-24,bra,Brazil,fra,France,5,2,Semi-Final,N,N,,
1958,1958-06-24,swe,Sweden,ger,Germany FR,3,1,Semi-Final,N,N,,
1958,1958-06-28,fra,France,ger,Germany FR,6,3,Third Place,N,N,,
1958,1958-06-29,bra,Brazil,swe,Sweden,5,2,Final,N,N,,
1962,1962-05-30,uru,Uruguay,col,Colombia,2,1,Round 1 - Group 2,N,N,,
1962,1962-05-31,urs,Soviet Union,yug,Yugoslavia,2,0,Round 1 - Group 1,N,N,,
1962,1962-06-02,yug,Yugoslavia,uru,Uruguay,3,1,Round 1 - Group 1,N,N,,
1962,1962-06-03,urs,Soviet Union,col,Colombia,4,4,Round 1 - Group 1,N,N,,
1962,1962-06-06,urs,Soviet Union,uru,Uruguay,2,1,Round 1 - Group 1,N,N,,
1962,1962-06-07,yug,Yugoslavia,col,Colombia,5,0,Round 1 - Group 1,N,N,,
1962,1962-05-30,chi,Chile,sui,Switzerland,3,1,Round 1 - Group 2,N,N,,
1962,1962-05-31,ger,Germany FR,ita,Italy,0,0,Round 1 - Group 2,N,N,,
1962,1962-06-02,chi,Chile,ita,Italy,2,0,Round 1 - Group 2,N,N,,
1962,1962-06-03,ger,Germany FR,sui,Switzerland,2,1,Round 1 - Group 2,N,N,,
1962,1962-06-06,ger,Germany FR,chi,Chile,2,0,Round 1 - Group 2,N,N,,
1962,1962-06-07,ita,Italy,sui,Switzerland,3,0,Round 1 - Group 2,N,N,,
1962,1962-05-30,bra,Brazil,mex,Mexico,2,0,Round 1 - Group 3,N,N,,
1962,1962-05-31,tch,Czechoslovakia,esp,Spain,1,0,Round 1 - Group 3,N,N,,
1962,1962-06-02,bra,Brazil,tch,Czechoslovakia,0,0,Round 1 - Group 3,N,N,,
1962,1962-06-03,esp,Spain,mex,Mexico,1,0,Round 1 - Group 3,N,N,,
1962,1962-06-06,bra,Brazil,esp,Spain,2,1,Round 1 - Group 3,N,N,,
1962,1962-06-07,mex,Mexico,tch,Czechoslovakia,3,1,Round 1 - Group 3,N,N,,
1962,1962-05-30,arg,Argentina,bul,Bulgaria,1,0,Round 1 - Group 4,N,N,,
1962,1962-05-31,hun,Hungary,eng,England,2,1,Round 1 - Group 4,N,N,,
1962,1962-06-02,eng,England,arg,Argentina,3,1,Round 1 - Group 4,N,N,,
1962,1962-06-03,hun,Hungary,bul,Bulgaria,6,1,Round 1 - Group 4,N,N,,
1962,1962-06-06,hun,Hungary,arg,Argentina,0,0,Round 1 - Group 4,N,N,,
1962,1962-06-07,eng,England,bul,Bulgaria,0,0,Round 1 - Group 4,N,N,,
1962,1962-06-10,chi,Chile,urs,Soviet Union,2,1,Quarter Final,N,N,,
1962,1962-06-10,yug,Yugoslavia,ger,Germany FR,1,0,Quarter Final,N,N,,
1962,1962-06-10,bra,Brazil,eng,England,3,1,Quarter Final,N,N,,
1962,1962-06-10,tch,Czechoslovakia,hun,Hungary,1,0,Quarter Final,N,N,,
1962,1962-06-13,bra,Brazil,chi,Chile,4,2,Semi-Final,N,N,,
1962,1962-06-13,tch,Czechoslovakia,yug,Yugoslavia,3,1,Semi-Final,N,N,,
1962,1962-06-16,chi,Chile,yug,Yugoslavia,1,0,Third Place,N,N,,
1962,1962-06-17,bra,Brazil,tch,Czechoslovakia,3,1,Final,N,N,,
1966,1966-07-11,eng,England,uru,Uruguay,0,0,Round 1 - Group 1,N,N,,
1966,1966-07-13,fra,France,mex,Mexico,1,1,Round 1 - Group 1,N,N,,
1966,1966-07-15,uru,Uruguay,fra,France,2,1,Round 1 - Group 1,N,N,,
1966,1966-07-16,eng,England,mex,Mexico,2,0,Round 1 - Group 1,N,N,,
1966,1966-07-19,uru,Uruguay,mex,Mexico,0,0,Round 1 - Group 1,N,N,,
1966,1966-07-20,eng,England,fra,France,2,0,Round 1 - Group 1,N,N,,
1966,1966-07-12,ger,Germany FR,sui,Switzerland,5,0,Round 1 - Group 2,N,N,,
1966,1966-07-13,arg,Argentina,esp,Spain,2,1,Round 1 - Group 2,N,N,,
1966,1966-07-15,esp,Spain,sui,Switzerland,2,1,Round 1 - Group 2,N,N,,
1966,1966-07-16,ger,Germany FR,arg,Argentina,0,0,Round 1 - Group 2,N,N,,
1966,1966-07-19,arg,Argentina,sui,Switzerland,2,0,Round 1 - Group 2,N,N,,
1966,1966-07-20,ger,Germany FR,esp,Spain,2,1,Round 1 - Group 2,N,N,,
1966,1966-07-12,bra,Brazil,bul,Bulgaria,2,0,Round 1 - Group 3,N,N,,
1966,1966-07-13,por,Portugal,hun,Hungary,3,1,Round 1 - Group 3,N,N,,
1966,1966-07-15,hun,Hungary,bra,Brazil,3,1,Round 1 - Group 3,N,N,,
1966,1966-07-16,por,Portugal,bul,Bulgaria,3,0,Round 1 - Group 3,N,N,,
1966,1966-07-19,por,Portugal,bra,Brazil,3,1,Round 1 - Group 3,N,N,,
1966,1966-07-20,hun,Hungary,bul,Bulgaria,3,1,Round 1 - Group 3,N,N,,
1966,1966-07-12,urs,Soviet Union,prk,North Korea,3,0,Round 1 - Group 4,N,N,,
1966,1966-07-13,ita,Italy,chi,Chile,2,0,Round 1 - Group 4,N,N,,
1966,1966-07-15,prk,North Korea,chi,Chile,1,1,Round 1 - Group 4,N,N,,
1966,1966-07-16,urs,Soviet Union,ita,Italy,1,0,Round 1 - Group 4,N,N,,
1966,1966-07-19,prk,North Korea,ita,Italy,1,0,Round 1 - Group 4,N,N,,
1966,1966-07-20,urs,Soviet Union,chi,Chile,2,1,Round 1 - Group 4,N,N,,
1966,1966-07-23,eng,England,arg,Argentina,1,0,Quarter Final,N,N,,
1966,1966-07-23,ger,Germany FR,uru,Uruguay,4,0,Quarter Final,N,N,,
1966,1966-07-23,urs,Soviet Union,hun,Hungary,2,1,Quarter Final,N,N,,
1966,1966-07-23,por,Portugal,prk,North Korea,5,3,Quarter Final,N,N,,
1966,1966-07-25,ger,Germany FR,urs,Soviet Union,2,1,Semi-Final,N,N,,
1966,1966-07-26,eng,England,por,Portugal,2,1,Semi-Final,N,N,,
1966,1966-07-28,por,Portugal,urs,Soviet Union,2,1,Third Place,N,N,,
1966,1966-07-30,eng,England,ger,Germany FR,4,2,Final,Y,N,,
1970,1970-05-31,mex,Mexico,urs,Soviet Union,0,0,Round 1 - Group 1,N,N,,
1970,1970-06-03,bel,Belgium,slv,El Salvador,3,0,Round 1 - Group 1,N,N,,
1970,1970-06-06,urs,Soviet Union,bel,Belgium,4,1,Round 1 - Group 1,N,N,,
1970,1970-06-07,mex,Mexico,slv,El Salvador,4,0,Round 1 - Group 1,N,N,,
1970,1970-06-10,urs,Soviet Union,slv,El Salvador,2,0,Round 1 - Group 1,N,N,,
1970,1970-06-11,mex,Mexico,bel,Belgium,1,0,Round 1 - Group 1,N,N,,
1970,1970-06-02,uru,Uruguay,isr,Israel,2,0,Round 1 - Group 2,N,N,,
1970,1970-06-03,ita,Italy,swe,Sweden,1,0,Round 1 - Group 2,N,N,,
1970,1970-06-06,uru,Uruguay,ita,Italy,0,0,Round 1 - Group 2,N,N,,
1970,1970-06-07,swe,Sweden,isr,Israel,1,1,Round 1 - Group 2,N,N,,
1970,1970-06-10,swe,Sweden,uru,Uruguay,1,0,Round 1 - Group 2,N,N,,
1970,1970-06-11,ita,Italy,isr,Israel,0,0,Round 1 - Group 2,N,N,,
1970,1970-06-02,eng,England,rou,Romania,1,0,Round 1 - Group 3,N,N,,
1970,1970-06-03,bra,Brazil,tch,Czechoslovakia,4,1,Round 1 - Group 3,N,N,,
1970,1970-06-06,rou,Romania,tch,Czechoslovakia,2,1,Round 1 - Group 3,N,N,,
1970,1970-06-07,bra,Brazil,eng,England,1,0,Round 1 - Group 3,N,N,,
1970,1970-06-10,bra,Brazil,rou,Romania,3,2,Round 1 - Group 3,N,N,,
1970,1970-06-11,eng,England,tch,Czechoslovakia,1,0,Round 1 - Group 3,N,N,,
1970,1970-06-02,per,Peru,bul,Bulgaria,3,2,Round 1 - Group 4,N,N,,
1970,1970-06-03,ger,Germany FR,mar,Morocco,2,1,Round 1 - Group 4,N,N,,
1970,1970-06-06,per,Peru,mar,Morocco,3,0,Round 1 - Group 4,N,N,,
1970,1970-06-07,ger,Germany FR,bul,Bulgaria,5,2,Round 1 - Group 4,N,N,,
1970,1970-06-10,ger,Germany FR,per,Peru,3,1,Round 1 - Group 4,N,N,,
1970,1970-06-11,bul,Bulgaria,mar,Morocco,1,1,Round 1 - Group 4,N,N,,
1970,1970-06-14,uru,Uruguay,urs,Soviet Union,1,0,Quarter Final,Y,N,,
1970,1970-06-14,ita,Italy,mex,Mexico,4,1,Quarter Final,N,N,,
1970,1970-06-14,bra,Brazil,per,Peru,4,2,Quarter Final,N,N,,
1970,1970-06-14,ger,Germany FR,eng,England,3,2,Quarter Final,Y,N,,
1970,1970-06-17,bra,Brazil,uru,Uruguay,3,1,Semi-Final,N,N,,
1970,1970-06-17,ita,Italy,ger,Germany FR,4,3,Semi-Final,Y,N,,
1970,1970-06-20,ger,Germany FR,uru,Uruguay,1,0,Third Place,N,N,,
1970,1970-06-21,bra,Brazil,ita,Italy,4,1,Final,N,N,,
1974,1974-06-14,ger,Germany FR,chi,Chile,1,0,Round 1 - Group 1,N,N,,
1974,1974-06-14,gdr,German DR,aus,Australia,2,0,Round 1 - Group 1,N,N,,
1974,1974-06-18,chi,Chile,gdr,German DR,1,1,Round 1 - Group 1,N,N,,
1974,1974-06-18,aus,Australia,ger,Germany FR,0,3,Round 1 - Group 1,N,N,,
1974,1974-06-22,aus,Australia,chi,Chile,0,0,Round 1 - Group 1,N,N,,
1974,1974-06-22,gdr,German DR,ger,Germany FR,1,0,Round 1 - Group 1,N,N,,
1974,1974-06-13,bra,Brazil,yug,Yugoslavia,0,0,Round 1 - Group 2,N,N,,
1974,1974-06-14,zai,Zaire,sco,Scotland,0,2,Round 1 - Group 2,N,N,,
1974,1974-06-18,yug,Yugoslavia,zai,Zaire,9,0,Round 1 - Group 2,N,N,,
1974,1974-06-18,sco,Scotland,bra,Brazil,0,0,Round 1 - Group 2,N,N,,
1974,1974-06-22,sco,Scotland,yug,Yugoslavia,1,1,Round 1 - Group 2,N,N,,
1974,1974-06-22,zai,Zaire,bra,Brazil,0,3,Round 1 - Group 2,N,N,,
1974,1974-06-15,uru,Uruguay,ned,Netherlands,0,2,Round 1 - Group 3,N,N,,
1974,1974-06-15,swe,Sweden,bul,Bulgaria,0,0,Round 1 - Group 3,N,N,,
1974,1974-06-19,ned,Netherlands,swe,Sweden,0,0,Round 1 - Group 3,N,N,,
1974,1974-06-19,bul,Bulgaria,uru,Uruguay,1,1,Round 1 - Group 3,N,N,,
1974,1974-06-23,bul,Bulgaria,ned,Netherlands,1,4,Round 1 - Group 3,N,N,,
1974,1974-06-23,swe,Sweden,uru,Uruguay,3,0,Round 1 - Group 3,N,N,,
1974,1974-06-15,ita,Italy,hai,Haiti,3,1,Round 1 - Group 4,N,N,,
1974,1974-06-15,pol,Poland,arg,Argentina,3,2,Round 1 - Group 4,N,N,,
1974,1974-06-19,hai,Haiti,pol,Poland,0,7,Round 1 - Group 4,N,N,,
1974,1974-06-19,arg,Argentina,ita,Italy,1,1,Round 1 - Group 4,N,N,,
1974,1974-06-23,arg,Argentina,hai,Haiti,4,1,Round 1 - Group 4,N,N,,
1974,1974-06-23,pol,Poland,ita,Italy,2,1,Round 1 - Group 4,N,N,,
1974,1974-06-26,bra,Brazil,gdr,German DR,1,0,Round 2 - Group A,N,N,,
1974,1974-06-26,ned,Netherlands,arg,Argentina,4,0,Round 2 - Group A,N,N,,
1974,1974-06-30,gdr,German DR,ned,Netherlands,0,2,Round 2 - Group A,N,N,,
1974,1974-06-30,arg,Argentina,bra,Brazil,1,2,Round 2 - Group A,N,N,,
1974,1974-07-03,arg,Argentina,gdr,German DR,1,1,Round 2 - Group A,N,N,,
1974,1974-07-03,ned,Netherlands,bra,Brazil,2,0,Round 2 - Group A,N,N,,
1974,1974-06-26,yug,Yugoslavia,ger,Germany FR,0,2,Round 2 - Group B,N,N,,
1974,1974-06-26,swe,Sweden,pol,Poland,0,1,Round 2 - Group B,N,N,,
1974,1974-06-30,ger,Germany FR,swe,Sweden,4,2,Round 2 - Group B,N,N,,
1974,1974-06-30,pol,Poland,yug,Yugoslavia,2,1,Round 2 - Group B,N,N,,
1974,1974-07-03,pol,Poland,ger,Germany FR,0,1,Round 2 - Group B,N,N,,
1974,1974-07-03,swe,Sweden,yug,Yugoslavia,2,1,Round 2 - Group B,N,N,,
1974,1974-07-06,bra,Brazil,pol,Poland,0,1,Third Place,N,N,,
1974,1974-07-07,ned,Netherlands,ger,Germany FR,1,2,Final,N,N,,
1978,1978-06-02,arg,Argentina,hun,Hungary,2,1,Round 1 - Group 1,N,N,,
1978,1978-06-02,ita,Italy,fra,France,2,1,Round 1 - Group 1,N,N,,
1978,1978-06-06,arg,Argentina,fra,France,2,1,Round 1 - Group 1,N,N,,
1978,1978-06-06,ita,Italy,hun,Hungary,3,1,Round 1 - Group 1,N,N,,
1978,1978-06-10,ita,Italy,arg,Argentina,1,0,Round 1 - Group 1,N,N,,
1978,1978-06-10,fra,France,hun,Hungary,3,1,Round 1 - Group 1,N,N,,
1978,1978-06-01,ger,Germany FR,pol,Poland,0,0,Round 1 - Group 2,N,N,,
1978,1978-06-02,tun,Tunisia,mex,Mexico,3,1,Round 1 - Group 2,N,N,,
1978,1978-06-06,pol,Poland,tun,Tunisia,1,0,Round 1 - Group 2,N,N,,
1978,1978-06-06,ger,Germany FR,mex,Mexico,6,0,Round 1 - Group 2,N,N,,
1978,1978-06-10,pol,Poland,mex,Mexico,3,1,Round 1 - Group 2,N,N,,
1978,1978-06-10,ger,Germany FR,tun,Tunisia,0,0,Round 1 - Group 2,N,N,,
1978,1978-06-03,aut,Austria,esp,Spain,2,1,Round 1 - Group 3,N,N,,
1978,1978-06-03,swe,Sweden,bra,Brazil,1,1,Round 1 - Group 3,N,N,,
1978,1978-06-07,aut,Austria,swe,Sweden,1,0,Round 1 - Group 3,N,N,,
1978,1978-06-07,bra,Brazil,esp,Spain,0,0,Round 1 - Group 3,N,N,,
1978,1978-06-11,esp,Spain,swe,Sweden,1,0,Round 1 - Group 3,N,N,,
1978,1978-06-11,bra,Brazil,aut,Austria,1,0,Round 1 - Group 3,N,N,,
1978,1978-06-03,per,Peru,sco,Scotland,3,1,Round 1 - Group 4,N,N,,
1978,1978-06-03,ned,Netherlands,irn,Iran,3,0,Round 1 - Group 4,N,N,,
1978,1978-06-07,sco,Scotland,irn,Iran,1,1,Round 1 - Group 4,N,N,,
1978,1978-06-07,ned,Netherlands,per,Peru,0,0,Round 1 - Group 4,N,N,,
1978,1978-06-11,per,Peru,irn,Iran,4,1,Round 1 - Group 4,N,N,,
1978,1978-06-11,sco,Scotland,ned,Netherlands,3,2,Round 1 - Group 4,N,N,,
1978,1978-06-14,ger,Germany FR,ita,Italy,0,0,Round 2 - Group A,N,N,,
1978,1978-06-14,ned,Netherlands,aut,Austria,5,1,Round 2 - Group A,N,N,,
1978,1978-06-18,ita,Italy,aut,Austria,1,0,Round 2 - Group A,N,N,,
1978,1978-06-18,ger,Germany FR,ned,Netherlands,2,2,Round 2 - Group A,N,N,,
1978,1978-06-21,ned,Netherlands,ita,Italy,2,1,Round 2 - Group A,N,N,,
1978,1978-06-21,aut,Austria,ger,Germany FR,3,2,Round 2 - Group A,N,N,,
1978,1978-06-14,arg,Argentina,pol,Poland,2,0,Round 2 - Group B,N,N,,
1978,1978-06-14,bra,Brazil,per,Peru,3,0,Round 2 - Group B,N,N,,
1978,1978-06-18,arg,Argentina,bra,Brazil,0,0,Round 2 - Group B,N,N,,
1978,1978-06-18,pol,Poland,per,Peru,1,0,Round 2 - Group B,N,N,,
1978,1978-06-21,arg,Argentina,per,Peru,6,0,Round 2 - Group B,N,N,,
1978,1978-06-21,bra,Brazil,pol,Poland,3,1,Round 2 - Group B,N,N,,
1978,1978-06-24,bra,Brazil,ita,Italy,2,1,Third Place,N,N,,
1978,1978-06-25,arg,Argentina,ned,Netherlands,3,1,Final,Y,N,,
1982,1982-06-14,ita,Italy,pol,Poland,0,0,Round 1 - Group 1,N,N,,
1982,1982-06-15,per,Peru,cmr,Cameroon,0,0,Round 1 - Group 1,N,N,,
1982,1982-06-18,ita,Italy,per,Peru,1,1,Round 1 - Group 1,N,N,,
1982,1982-06-19,pol,Poland,cmr,Cameroon,0,0,Round 1 - Group 1,N,N,,
1982,1982-06-22,pol,Poland,per,Peru,5,1,Round 1 - Group 1,N,N,,
1982,1982-06-23,ita,Italy,cmr,Cameroon,1,1,Round 1 - Group 1,N,N,,
1982,1982-06-16,ger,Germany FR,alg,Algeria,1,2,Round 1 - Group 2,N,N,,
1982,1982-06-17,chi,Chile,aut,Austria,0,1,Round 1 - Group 2,N,N,,
1982,1982-06-20,ger,Germany FR,chi,Chile,4,1,Round 1 - Group 2,N,N,,
1982,1982-06-21,alg,Algeria,aut,Austria,0,2,Round 1 - Group 2,N,N,,
1982,1982-06-24,alg,Algeria,chi,Chile,3,2,Round 1 - Group 2,N,N,,
1982,1982-06-25,ger,Germany FR,aut,Austria,1,0,Round 1 - Group 2,N,N,,
1982,1982-06-13,arg,Argentina,bel,Belgium,0,1,Round 1 - Group 3,N,N,,
1982,1982-06-15,hun,Hungary,slv,El Salvador,10,1,Round 1 - Group 3,N,N,,
1982,1982-06-18,arg,Argentina,hun,Hungary,4,1,Round 1 - Group 3,N,N,,
1982,1982-06-19,bel,Belgium,slv,El Salvador,1,0,Round 1 - Group 3,N,N,,
1982,1982-06-22,bel,Belgium,hun,Hungary,1,1,Round 1 - Group 3,N,N,,
1982,1982-06-23,arg,Argentina,slv,El Salvador,2,0,Round 1 - Group 3,N,N,,
1982,1982-06-16,eng,England,fra,France,3,1,Round 1 - Group 4,N,N,,
1982,1982-06-17,tch,Czechoslovakia,kuw,Kuwait,1,1,Round 1 - Group 4,N,N,,
1982,1982-06-20,eng,England,tch,Czechoslovakia,2,0,Round 1 - Group 4,N,N,,
1982,1982-06-21,fra,France,kuw,Kuwait,4,1,Round 1 - Group 4,N,N,,
1982,1982-06-24,fra,France,tch,Czechoslovakia,1,1,Round 1 - Group 4,N,N,,
1982,1982-06-25,eng,England,kuw,Kuwait,1,0,Round 1 - Group 4,N,N,,
1982,1982-06-16,esp,Spain,hon,Honduras,1,1,Round 1 - Group 5,N,N,,
1982,1982-06-17,yug,Yugoslavia,nir,Northern Ireland,0,0,Round 1 - Group 5,N,N,,
1982,1982-06-20,esp,Spain,yug,Yugoslavia,2,1,Round 1 - Group 5,N,N,,
1982,1982-06-21,hon,Honduras,nir,Northern Ireland,1,1,Round 1 - Group 5,N,N,,
1982,1982-06-24,hon,Honduras,yug,Yugoslavia,0,1,Round 1 - Group 5,N,N,,
1982,1982-06-25,nir,Northern Ireland,esp,Spain,1,0,Round 1 - Group 5,N,N,,
1982,1982-06-14,bra,Brazil,urs,Soviet Union,2,1,Round 1 - Group 6,N,N,,
1982,1982-06-15,sco,Scotland,nzl,New Zealand,5,2,Round 1 - Group 6,N,N,,
1982,1982-06-18,bra,Brazil,sco,Scotland,4,1,Round 1 - Group 6,N,N,,
1982,1982-06-19,urs,Soviet Union,nzl,New Zealand,3,0,Round 1 - Group 6,N,N,,
1982,1982-06-22,urs,Soviet Union,sco,Scotland,2,2,Round 1 - Group 6,N,N,,
1982,1982-06-23,bra,Brazil,nzl,New Zealand,4,0,Round 1 - Group 6,N,N,,
1982,1982-06-28,pol,Poland,bel,Belgium,3,0,Round 2 - Group 1,N,N,,
1982,1982-07-01,bel,Belgium,urs,Soviet Union,0,1,Round 2 - Group 1,N,N,,
1982,1982-07-04,pol,Poland,urs,Soviet Union,0,0,Round 2 - Group 1,N,N,,
1982,1982-06-29,ger,Germany FR,eng,England,0,0,Round 2 - Group 2,N,N,,
1982,1982-07-02,ger,Germany FR,esp,Spain,2,1,Round 2 - Group 2,N,N,,
1982,1982-07-05,esp,Spain,eng,England,0,0,Round 2 - Group 2,N,N,,
1982,1982-06-29,ita,Italy,arg,Argentina,2,1,Round 2 - Group 3,N,N,,
1982,1982-07-02,arg,Argentina,bra,Brazil,1,3,Round 2 - Group 3,N,N,,
1982,1982-07-05,ita,Italy,bra,Brazil,3,2,Round 2 - Group 3,N,N,,
1982,1982-06-28,aut,Austria,fra,France,0,1,Round 2 - Group 4,N,N,,
1982,1982-07-01,aut,Austria,nir,Northern Ireland,2,2,Round 2 - Group 4,N,N,,
1982,1982-07-04,fra,France,nir,Northern Ireland,4,1,Round 2 - Group 4,N,N,,
1982,1982-07-08,pol,Poland,ita,Italy,0,2,Semi-Final,N,N,,
1982,1982-07-08,ger,Germany FR,fra,France,3,3,Semi-Final,Y,Y,5,4
1982,1982-07-10,pol,Poland,fra,France,3,2,Third Place,N,N,,
1982,1982-07-11,ita,Italy,ger,Germany FR,3,1,Final,N,N,,
1986,1986-05-31,bul,Bulgaria,ita,Italy,1,1,Round 1 - Group 1,N,N,,
1986,1986-06-02,arg,Argentina,kor,South Korea,3,1,Round 1 - Group 1,N,N,,
1986,1986-06-05,ita,Italy,arg,Argentina,1,1,Round 1 - Group 1,N,N,,
1986,1986-06-05,kor,South Korea,bul,Bulgaria,1,1,Round 1 - Group 1,N,N,,
1986,1986-06-10,kor,South Korea,ita,Italy,2,3,Round 1 - Group 1,N,N,,
1986,1986-06-10,arg,Argentina,bul,Bulgaria,2,0,Round 1 - Group 1,N,N,,
1986,1986-06-03,bel,Belgium,mex,Mexico,1,2,Round 1 - Group 2,N,N,,
1986,1986-06-04,par,Paraguay,irq,Iraq,1,0,Round 1 - Group 2,N,N,,
1986,1986-06-07,mex,Mexico,par,Paraguay,1,1,Round 1 - Group 2,N,N,,
1986,1986-06-08,irq,Iraq,bel,Belgium,1,2,Round 1 - Group 2,N,N,,
1986,1986-06-11,irq,Iraq,mex,Mexico,0,1,Round 1 - Group 2,N,N,,
1986,1986-06-11,par,Paraguay,bel,Belgium,2,2,Round 1 - Group 2,N,N,,
1986,1986-06-01,can,Canada,fra,France,0,1,Round 1 - Group 3,N,N,,
1986,1986-06-02,urs,Soviet Union,hun,Hungary,6,0,Round 1 - Group 3,N,N,,
1986,1986-06-05,fra,France,urs,Soviet Union,1,1,Round 1 - Group 3,N,N,,
1986,1986-06-06,hun,Hungary,can,Canada,2,0,Round 1 - Group 3,N,N,,
1986,1986-06-09,hun,Hungary,fra,France,0,3,Round 1 - Group 3,N,N,,
1986,1986-06-09,urs,Soviet Union,can,Canada,2,0,Round 1 - Group 3,N,N,,
1986,1986-06-01,esp,Spain,bra,Brazil,0,1,Round 1 - Group 4,N,N,,
1986,1986-06-03,alg,Algeria,nir,Northern Ireland,1,1,Round 1 - Group 4,N,N,,
1986,1986-06-06,bra,Brazil,alg,Algeria,1,0,Round 1 - Group 4,N,N,,
1986,1986-06-07,nir,Northern Ireland,esp,Spain,1,2,Round 1 - Group 4,N,N,,
1986,1986-06-12,nir,Northern Ireland,bra,Brazil,0,3,Round 1 - Group 4,N,N,,
1986,1986-06-12,alg,Algeria,esp,Spain,0,3,Round 1 - Group 4,N,N,,
1986,1986-06-04,uru,Uruguay,ger,Germany FR,1,1,Round 1 - Group 5,N,N,,
1986,1986-06-04,sco,Scotland,den,Denmark,0,1,Round 1 - Group 5,N,N,,
1986,1986-06-08,ger,Germany FR,sco,Scotland,2,1,Round 1 - Group 5,N,N,,
1986,1986-06-08,den,Denmark,uru,Uruguay,6,1,Round 1 - Group 5,N,N,,
1986,1986-06-13,den,Denmark,ger,Germany FR,2,0,Round 1 - Group 5,N,N,,
1986,1986-06-13,sco,Scotland,uru,Uruguay,0,0,Round 1 - Group 5,N,N,,
1986,1986-06-02,mar,Morocco,pol,Poland,0,0,Round 1 - Group 6,N,N,,
1986,1986-06-03,por,Portugal,eng,England,1,0,Round 1 - Group 6,N,N,,
1986,1986-06-06,eng,England,mar,Morocco,0,0,Round 1 - Group 6,N,N,,
1986,1986-06-07,pol,Poland,por,Portugal,1,0,Round 1 - Group 6,N,N,,
1986,1986-06-11,por,Portugal,mar,Morocco,1,3,Round 1 - Group 6,N,N,,
1986,1986-06-11,eng,England,pol,Poland,3,0,Round 1 - Group 6,N,N,,
1986,1986-06-15,mex,Mexico,bul,Bulgaria,2,0,Round of 16,N,N,,
1986,1986-06-15,urs,Soviet Union,bel,Belgium,3,4,Round of 16,Y,N,,
1986,1986-06-16,arg,Argentina,uru,Uruguay,1,0,Round of 16,N,N,,
1986,1986-06-16,bra,Brazil,pol,Poland,4,0,Round of 16,N,N,,
1986,1986-06-17,ita,Italy,fra,France,0,2,Round of 16,N,N,,
1986,1986-06-17,mar,Morocco,ger,Germany FR,0,1,Round of 16,N,N,,
1986,1986-06-18,eng,England,par,Paraguay,3,0,Round of 16,N,N,,
1986,1986-06-18,den,Denmark,esp,Spain,1,5,Round of 16,N,N,,
1986,1986-06-21,bra,Brazil,fra,France,1,1,Quarter Final,Y,Y,3,4
1986,1986-06-21,ger,Germany FR,mex,Mexico,0,0,Quarter Final,Y,Y,4,1
1986,1986-06-22,esp,Spain,bel,Belgium,1,1,Quarter Final,Y,Y,4,5
1986,1986-06-22,arg,Argentina,eng,England,2,1,Quarter Final,N,N,,
1986,1986-06-25,arg,Argentina,bel,Belgium,2,0,Semi-Final,N,N,,
1986,1986-06-25,fra,France,ger,Germany FR,0,2,Semi-Final,N,N,,
1986,1986-06-28,fra,France,bel,Belgium,4,2,Third Place,Y,N,,
1986,1986-06-29,arg,Argentina,ger,Germany FR,3,2,Final,N,N,,
1990,1990-06-09,ita,Italy,aut,Austria,1,0,Round 1 - Group 1,N,N,,
1990,1990-06-10,usa,United States,tch,Czechoslovakia,1,5,Round 1 - Group 1,N,N,,
1990,1990-06-14,ita,Italy,usa,United States,1,0,Round 1 - Group 1,N,N,,
1990,1990-06-15,aut,Austria,tch,Czechoslovakia,0,1,Round 1 - Group 1,N,N,,
1990,1990-06-19,ita,Italy,tch,Czechoslovakia,2,0,Round 1 - Group 1,N,N,,
1990,1990-06-19,aut,Austria,usa,United States,2,1,Round 1 - Group 1,N,N,,
1990,1990-06-08,arg,Argentina,cmr,Cameroon,0,1,Round 1 - Group 2,N,N,,
1990,1990-06-09,urs,Soviet Union,rou,Romania,0,2,Round 1 - Group 2,N,N,,
1990,1990-06-13,arg,Argentina,urs,Soviet Union,2,0,Round 1 - Group 2,N,N,,
1990,1990-06-14,cmr,Cameroon,rou,Romania,2,1,Round 1 - Group 2,N,N,,
1990,1990-06-18,arg,Argentina,rou,Romania,1,1,Round 1 - Group 2,N,N,,
1990,1990-06-18,cmr,Cameroon,urs,Soviet Union,0,4,Round 1 - Group 2,N,N,,
1990,1990-06-10,bra,Brazil,swe,Sweden,2,1,Round 1 - Group 3,N,N,,
1990,1990-06-11,crc,Costa Rica,sco,Scotland,1,0,Round 1 - Group 3,N,N,,
1990,1990-06-16,bra,Brazil,crc,Costa Rica,1,0,Round 1 - Group 3,N,N,,
1990,1990-06-16,swe,Sweden,sco,Scotland,1,2,Round 1 - Group 3,N,N,,
1990,1990-06-20,bra,Brazil,sco,Scotland,1,0,Round 1 - Group 3,N,N,,
1990,1990-06-20,swe,Sweden,crc,Costa Rica,1,2,Round 1 - Group 3,N,N,,
1990,1990-06-09,uae,United Arab Emirates,col,Colombia,0,2,Round 1 - Group 4,N,N,,
1990,1990-06-10,ger,Germany FR,yug,Yugoslavia,4,1,Round 1 - Group 4,N,N,,
1990,1990-06-14,yug,Yugoslavia,col,Colombia,1,0,Round 1 - Group 4,N,N,,
1990,1990-06-15,ger,Germany FR,uae,United Arab Emirates,5,1,Round 1 - Group 4,N,N,,
1990,1990-06-19,ger,Germany FR,col,Colombia,1,1,Round 1 - Group 4,N,N,,
1990,1990-06-19,yug,Yugoslavia,uae,United Arab Emirates,4,1,Round 1 - Group 4,N,N,,
1990,1990-06-12,bel,Belgium,kor,South Korea,2,0,Round 1 - Group 5,N,N,,
1990,1990-06-13,uru,Uruguay,esp,Spain,0,0,Round 1 - Group 5,N,N,,
1990,1990-06-17,bel,Belgium,uru,Uruguay,3,1,Round 1 - Group 5,N,N,,
1990,1990-06-17,kor,South Korea,esp,Spain,1,3,Round 1 - Group 5,N,N,,
1990,1990-06-21,bel,Belgium,esp,Spain,1,2,Round 1 - Group 5,N,N,,
1990,1990-06-21,kor,South Korea,uru,Uruguay,0,1,Round 1 - Group 5,N,N,,
1990,1990-06-11,eng,England,irl,Republic of Ireland,1,1,Round 1 - Group 6,N,N,,
1990,1990-06-12,ned,Netherlands,egy,Egypt,1,1,Round 1 - Group 6,N,N,,
1990,1990-06-16,eng,England,ned,Netherlands,0,0,Round 1 - Group 6,N,N,,
1990,1990-06-17,irl,Republic of Ireland,egy,Egypt,0,0,Round 1 - Group 6,N,N,,
1990,1990-06-21,eng,England,egy,Egypt,1,0,Round 1 - Group 6,N,N,,
1990,1990-06-21,irl,Republic of Ireland,ned,Netherlands,1,1,Round 1 - Group 6,N,N,,
1990,1990-06-23,cmr,Cameroon,col,Colombia,2,1,Round of 16,Y,N,,
1990,1990-06-23,tch,Czechoslovakia,crc,Costa Rica,4,1,Round of 16,N,N,,
1990,1990-06-24,bra,Brazil,arg,Argentina,0,1,Round of 16,N,N,,
1990,1990-06-24,ger,Germany FR,ned,Netherlands,2,1,Round of 16,N,N,,
1990,1990-06-25,irl,Republic of Ireland,rou,Romania,0,0,Round of 16,Y,Y,5,4
1990,1990-06-25,ita,Italy,uru,Uruguay,2,0,Round of 16,N,N,,
1990,1990-06-26,esp,Spain,yug,Yugoslavia,1,2,Round of 16,Y,N,,
1990,1990-06-26,eng,England,bel,Belgium,1,0,Round of 16,Y,N,,
1990,1990-06-30,yug,Yugoslavia,arg,Argentina,0,0,Quarter Final,Y,Y,2,3
1990,1990-06-30,ita,Italy,irl,Republic of Ireland,1,0,Quarter Final,N,N,,
1990,1990-07-01,ger,Germany FR,tch,Czechoslovakia,1,0,Quarter Final,N,N,,
1990,1990-07-01,eng,England,cmr,Cameroon,3,2,Quarter Final,Y,N,,
1990,1990-07-03,ita,Italy,arg,Argentina,1,1,Semi-Final,Y,Y,3,4
1990,1990-07-04,ger,Germany FR,eng,England,1,1,Semi-Final,Y,Y,4,3
1990,1990-07-07,ita,Italy,eng,England,2,1,Third Place,N,N,,
1990,1990-07-08,ger,Germany FR,arg,Argentina,1,0,Final,N,N,,
1994,1994-06-18,usa,United States,sui,Switzerland,1,1,Round 1 - Group A,N,N,,
1994,1994-06-18,col,Colombia,rou,Romania,1,3,Round 1 - Group A,N,N,,
1994,1994-06-22,rou,Romania,sui,Switzerland,1,4,Round 1 - Group A,N,N,,
1994,1994-06-22,usa,United States,col,Colombia,2,1,Round 1 - Group A,N,N,,
1994,1994-06-26,usa,United States,rou,Romania,0,1,Round 1 - Group A,N,N,,
1994,1994-06-26,sui,Switzerland,col,Colombia,0,2,Round 1 - Group A,N,N,,
1994,1994-06-19,cmr,Cameroon,swe,Sweden,2,2,Round 1 - Group B,N,N,,
1994,1994-06-20,bra,Brazil,rus,Russia,2,0,Round 1 - Group B,N,N,,
1994,1994-06-24,bra,Brazil,cmr,Cameroon,3,0,Round 1 - Group B,N,N,,
1994,1994-06-24,swe,Sweden,rus,Russia,3,1,Round 1 - Group B,N,N,,
1994,1994-06-28,rus,Russia,cmr,Cameroon,6,1,Round 1 - Group B,N,N,,
1994,1994-06-28,bra,Brazil,swe,Sweden,1,1,Round 1 - Group B,N,N,,
1994,1994-06-17,ger,Germany,bol,Bolivia,1,0,Round 1 - Group C,N,N,,
1994,1994-06-17,esp,Spain,kor,South Korea,2,2,Round 1 - Group C,N,N,,
1994,1994-06-21,ger,Germany,esp,Spain,1,1,Round 1 - Group C,N,N,,
1994,1994-06-23,kor,South Korea,bol,Bolivia,0,0,Round 1 - Group C,N,N,,
1994,1994-06-27,bol,Bolivia,esp,Spain,1,3,Round 1 - Group C,N,N,,
1994,1994-06-27,ger,Germany,kor,South Korea,3,2,Round 1 - Group C,N,N,,
1994,1994-06-21,arg,Argentina,gre,Greece,4,0,Round 1 - Group D,N,N,,
1994,1994-06-21,nga,Nigeria,bul,Bulgaria,3,0,Round 1 - Group D,N,N,,
1994,1994-06-25,arg,Argentina,nga,Nigeria,2,1,Round 1 - Group D,N,N,,
1994,1994-06-26,bul,Bulgaria,gre,Greece,4,0,Round 1 - Group D,N,N,,
1994,1994-06-30,gre,Greece,nga,Nigeria,0,2,Round 1 - Group D,N,N,,
1994,1994-06-30,arg,Argentina,bul,Bulgaria,0,2,Round 1 - Group D,N,N,,
1994,1994-06-18,ita,Italy,irl,Republic of Ireland,0,1,Round 1 - Group E,N,N,,
1994,1994-06-19,nor,Norway,mex,Mexico,1,0,Round 1 - Group E,N,N,,
1994,1994-06-23,ita,Italy,nor,Norway,1,0,Round 1 - Group E,N,N,,
1994,1994-06-24,mex,Mexico,irl,Republic of Ireland,2,1,Round 1 - Group E,N,N,,
1994,1994-06-28,irl,Republic of Ireland,nor,Norway,0,0,Round 1 - Group E,N,N,,
1994,1994-06-28,ita,Italy,mex,Mexico,1,1,Round 1 - Group E,N,N,,
1994,1994-06-19,bel,Belgium,mar,Morocco,1,0,Round 1 - Group F,N,N,,
1994,1994-06-20,ned,Netherlands,ksa,Saudi Arabia,2,1,Round 1 - Group F,N,N,,
1994,1994-06-25,bel,Belgium,ned,Netherlands,1,0,Round 1 - Group F,N,N,,
1994,1994-06-25,ksa,Saudi Arabia,mar,Morocco,2,1,Round 1 - Group F,N,N,,
1994,1994-06-29,mar,Morocco,ned,Netherlands,1,2,Round 1 - Group F,N,N,,
1994,1994-06-29,bel,Belgium,ksa,Saudi Arabia,0,1,Round 1 - Group F,N,N,,
1994,1994-07-02,ger,Germany,bel,Belgium,3,2,Round of 16,N,N,,
1994,1994-07-02,esp,Spain,sui,Switzerland,3,0,Round of 16,N,N,,
1994,1994-07-03,ksa,Saudi Arabia,swe,Sweden,1,3,Round of 16,N,N,,
1994,1994-07-03,rou,Romania,arg,Argentina,3,2,Round of 16,N,N,,
1994,1994-07-04,ned,Netherlands,irl,Republic of Ireland,2,0,Round of 16,N,N,,
1994,1994-07-04,bra,Brazil,usa,United States,1,0,Round of 16,N,N,,
1994,1994-07-05,nga,Nigeria,ita,Italy,1,2,Round of 16,Y,N,,
1994,1994-07-05,mex,Mexico,bul,Bulgaria,1,1,Round of 16,Y,Y,1,3
1994,1994-07-09,ita,Italy,esp,Spain,2,1,Quarter Final,N,N,,
1994,1994-07-09,ned,Netherlands,bra,Brazil,2,3,Quarter Final,N,N,,
1994,1994-07-10,bul,Bulgaria,ger,Germany,2,1,Quarter Final,N,N,,
1994,1994-07-10,rou,Romania,swe,Sweden,2,2,Quarter Final,Y,Y,4,5
1994,1994-07-13,bul,Bulgaria,ita,Italy,1,2,Semi-Final,N,N,,
1994,1994-07-13,swe,Sweden,bra,Brazil,0,1,Semi-Final,N,N,,
1994,1994-07-16,swe,Sweden,bul,Bulgaria,4,0,Third Place,N,N,,
1994,1994-07-17,bra,Brazil,ita,Italy,0,0,Final,Y,Y,3,2
1998,1998-06-10,bra,Brazil,sco,Scotland,2,1,Round 1 - Group A,N,N,,
1998,1998-06-10,mar,Morocco,nor,Norway,2,2,Round 1 - Group A,N,N,,
1998,1998-06-16,sco,Scotland,nor,Norway,1,1,Round 1 - Group A,N,N,,
1998,1998-06-16,bra,Brazil,mar,Morocco,3,0,Round 1 - Group A,N,N,,
1998,1998-06-23,sco,Scotland,mar,Morocco,0,3,Round 1 - Group A,N,N,,
1998,1998-06-23,bra,Brazil,nor,Norway,1,2,Round 1 - Group A,N,N,,
1998,1998-06-11,cmr,Cameroon,aut,Austria,1,1,Round 1 - Group B,N,N,,
1998,1998-06-11,ita,Italy,chi,Chile,2,2,Round 1 - Group B,N,N,,
1998,1998-06-17,chi,Chile,aut,Austria,1,1,Round 1 - Group B,N,N,,
1998,1998-06-17,ita,Italy,cmr,Cameroon,3,0,Round 1 - Group B,N,N,,
1998,1998-06-23,ita,Italy,aut,Austria,2,1,Round 1 - Group B,N,N,,
1998,1998-06-23,chi,Chile,cmr,Cameroon,1,1,Round 1 - Group B,N,N,,
1998,1998-06-12,ksa,Saudi Arabia,den,Denmark,0,1,Round 1 - Group C,N,N,,
1998,1998-06-12,fra,France,rsa,South Africa,3,0,Round 1 - Group C,N,N,,
1998,1998-06-18,fra,France,ksa,Saudi Arabia,4,0,Round 1 - Group C,N,N,,
1998,1998-06-18,rsa,South Africa,den,Denmark,1,1,Round 1 - Group C,N,N,,
1998,1998-06-24,fra,France,den,Denmark,2,1,Round 1 - Group C,N,N,,
1998,1998-06-24,rsa,South Africa,ksa,Saudi Arabia,2,2,Round 1 - Group C,N,N,,
1998,1998-06-12,par,Paraguay,bul,Bulgaria,0,0,Round 1 - Group D,N,N,,
1998,1998-06-13,esp,Spain,nga,Nigeria,2,3,Round 1 - Group D,N,N,,
1998,1998-06-19,nga,Nigeria,bul,Bulgaria,1,0,Round 1 - Group D,N,N,,
1998,1998-06-19,esp,Spain,par,Paraguay,0,0,Round 1 - Group D,N,N,,
1998,1998-06-24,esp,Spain,bul,Bulgaria,6,1,Round 1 - Group D,N,N,,
1998,1998-06-24,nga,Nigeria,par,Paraguay,1,3,Round 1 - Group D,N,N,,
1998,1998-06-13,ned,Netherlands,bel,Belgium,0,0,Round 1 - Group E,N,N,,
1998,1998-06-13,kor,South Korea,mex,Mexico,1,3,Round 1 - Group E,N,N,,
1998,1998-06-20,ned,Netherlands,kor,South Korea,5,0,Round 1 - Group E,N,N,,
1998,1998-06-20,bel,Belgium,mex,Mexico,2,2,Round 1 - Group E,N,N,,
1998,1998-06-25,bel,Belgium,kor,South Korea,1,1,Round 1 - Group E,N,N,,
1998,1998-06-25,ned,Netherlands,mex,Mexico,2,2,Round 1 - Group E,N,N,,
1998,1998-06-14,yug,Yugoslavia,irn,Iran,1,0,Round 1 - Group F,N,N,,
1998,1998-06-15,ger,Germany,usa,United States,2,0,Round 1 - Group F,N,N,,
1998,1998-06-21,ger,Germany,yug,Yugoslavia,2,2,Round 1 - Group F,N,N,,
1998,1998-06-21,usa,United States,irn,Iran,1,2,Round 1 - Group F,N,N,,
1998,1998-06-25,ger,Germany,irn,Iran,2,0,Round 1 - Group F,N,N,,
1998,1998-06-25,usa,United States,yug,Yugoslavia,0,1,Round 1 - Group F,N,N,,
1998,1998-06-15,rou,Romania,col,Colombia,1,0,Round 1 - Group G,N,N,,
1998,1998-06-15,eng,England,tun,Tunisia,2,0,Round 1 - Group G,N,N,,
1998,1998-06-22,col,Colombia,tun,Tunisia,1,0,Round 1 - Group G,N,N,,
1998,1998-06-22,rou,Romania,eng,England,2,1,Round 1 - Group G,N,N,,
1998,1998-06-26,rou,Romania,tun,Tunisia,1,1,Round 1 - Group G,N,N,,
1998,1998-06-26,col,Colombia,eng,England,0,2,Round 1 - Group G,N,N,,
1998,1998-06-14,jam,Jamaica,cro,Croatia,1,3,Round 1 - Group H,N,N,,
1998,1998-06-14,arg,Argentina,jpn,Japan,1,0,Round 1 - Group H,N,N,,
1998,1998-06-20,jpn,Japan,cro,Croatia,0,1,Round 1 - Group H,N,N,,
1998,1998-06-21,arg,Argentina,jam,Jamaica,5,0,Round 1 - Group H,N,N,,
1998,1998-06-26,jpn,Japan,jam,Jamaica,1,2,Round 1 - Group H,N,N,,
1998,1998-06-26,arg,Argentina,cro,Croatia,1,0,Round 1 - Group H,N,N,,
1998,1998-06-27,bra,Brazil,chi,Chile,4,1,Round of 16,N,N,,
1998,1998-06-27,ita,Italy,nor,Norway,1,0,Round of 16,N,N,,
1998,1998-06-28,nga,Nigeria,den,Denmark,1,4,Round of 16,N,N,,
1998,1998-06-28,fra,France,par,Paraguay,1,0,Round of 16,Y,N,,
1998,1998-06-29,ger,Germany,mex,Mexico,2,1,Round of 16,N,N,,
1998,1998-06-29,ned,Netherlands,yug,Yugoslavia,2,1,Round of 16,N,N,,
1998,1998-06-30,arg,Argentina,eng,England,2,2,Round of 16,Y,Y,4,3
1998,1998-06-30,rou,Romania,cro,Croatia,0,1,Round of 16,N,N,,
1998,1998-07-03,ita,Italy,fra,France,0,0,Quarter Final,Y,Y,3,4
1998,1998-07-03,bra,Brazil,den,Denmark,3,2,Quarter Final,N,N,,
1998,1998-07-04,ger,Germany,cro,Croatia,0,3,Quarter Final,N,N,,
1998,1998-07-04,ned,Netherlands,arg,Argentina,2,1,Quarter Final,N,N,,
1998,1998-07-07,bra,Brazil,ned,Netherlands,1,1,Semi-Final,Y,Y,4,2
1998,1998-07-08,fra,France,cro,Croatia,2,1,Semi-Final,N,N,,
1998,1998-07-11,ned,Netherlands,cro,Croatia,1,2,Third Place,N,N,,
1998,1998-07-12,bra,Brazil,fra,France,0,3,Final,N,N,,
2002,2002-05-31,fra,France,sen,Senegal,0,1,Round 1 - Group A,N,N,,
2002,2002-06-01,uru,Uruguay,den,Denmark,1,2,Round 1 - Group A,N,N,,
2002,2002-06-06,fra,France,uru,Uruguay,0,0,Round 1 - Group A,N,N,,
2002,2002-06-06,den,Denmark,sen,Senegal,1,1,Round 1 - Group A,N,N,,
2002,2002-06-11,den,Denmark,fra,France,2,0,Round 1 - Group A,N,N,,
2002,2002-06-11,sen,Senegal,uru,Uruguay,3,3,Round 1 - Group A,N,N,,
2002,2002-06-02,par,Paraguay,rsa,South Africa,2,2,Round 1 - Group B,N,N,,
2002,2002-06-02,esp,Spain,svn,Slovenia,3,1,Round 1 - Group B,N,N,,
2002,2002-06-07,esp,Spain,par,Paraguay,3,1,Round 1 - Group B,N,N,,
2002,2002-06-08,rsa,South Africa,svn,Slovenia,1,0,Round 1 - Group B,N,N,,
2002,2002-06-12,rsa,South Africa,esp,Spain,2,3,Round 1 - Group B,N,N,,
2002,2002-06-12,svn,Slovenia,par,Paraguay,1,3,Round 1 - Group B,N,N,,
2002,2002-06-03,bra,Brazil,tur,Turkey,2,1,Round 1 - Group C,N,N,,
2002,2002-06-04,chn,China PR,crc,Costa Rica,0,2,Round 1 - Group C,N,N,,
2002,2002-06-08,bra,Brazil,chn,China PR,4,0,Round 1 - Group C,N,N,,
2002,2002-06-09,crc,Costa Rica,tur,Turkey,1,1,Round 1 - Group C,N,N,,
2002,2002-06-13,crc,Costa Rica,bra,Brazil,2,5,Round 1 - Group C,N,N,,
2002,2002-06-13,tur,Turkey,chn,China PR,3,0,Round 1 - Group C,N,N,,
2002,2002-06-04,kor,South Korea,pol,Poland,2,0,Round 1 - Group D,N,N,,
2002,2002-06-05,usa,United States,por,Portugal,3,2,Round 1 - Group D,N,N,,
2002,2002-06-10,kor,South Korea,usa,United States,1,1,Round 1 - Group D,N,N,,
2002,2002-06-10,por,Portugal,pol,Poland,4,0,Round 1 - Group D,N,N,,
2002,2002-06-14,por,Portugal,kor,South Korea,0,1,Round 1 - Group D,N,N,,
2002,2002-06-14,pol,Poland,usa,United States,3,1,Round 1 - Group D,N,N,,
2002,2002-06-01,irl,Republic of Ireland,cmr,Cameroon,1,1,Round 1 - Group E,N,N,,
2002,2002-06-01,ger,Germany,ksa,Saudi Arabia,8,0,Round 1 - Group E,N,N,,
2002,2002-06-05,ger,Germany,irl,Republic of Ireland,1,1,Round 1 - Group E,N,N,,
2002,2002-06-06,cmr,Cameroon,ksa,Saudi Arabia,1,0,Round 1 - Group E,N,N,,
2002,2002-06-11,cmr,Cameroon,ger,Germany,0,2,Round 1 - Group E,N,N,,
2002,2002-06-11,ksa,Saudi Arabia,irl,Republic of Ireland,0,3,Round 1 - Group E,N,N,,
2002,2002-06-02,eng,England,swe,Sweden,1,1,Round 1 - Group F,N,N,,
2002,2002-06-02,arg,Argentina,nga,Nigeria,1,0,Round 1 - Group F,N,N,,
2002,2002-06-07,swe,Sweden,nga,Nigeria,2,1,Round 1 - Group F,N,N,,
2002,2002-06-07,arg,Argentina,eng,England,0,1,Round 1 - Group F,N,N,,
2002,2002-06-12,swe,Sweden,arg,Argentina,1,1,Round 1 - Group F,N,N,,
2002,2002-06-12,nga,Nigeria,eng,England,0,0,Round 1 - Group F,N,N,,
2002,2002-06-03,cro,Croatia,mex,Mexico,0,1,Round 1 - Group G,N,N,,
2002,2002-06-03,ita,Italy,ecu,Ecuador,2,0,Round 1 - Group G,N,N,,
2002,2002-06-08,ita,Italy,cro,Croatia,1,2,Round 1 - Group G,N,N,,
2002,2002-06-09,mex,Mexico,ecu,Ecuador,2,1,Round 1 - Group G,N,N,,
2002,2002-06-13,mex,Mexico,ita,Italy,1,1,Round 1 - Group G,N,N,,
2002,2002-06-13,ecu,Ecuador,cro,Croatia,1,0,Round 1 - Group G,N,N,,
2002,2002-06-04,jpn,Japan,bel,Belgium,2,2,Round 1 - Group H,N,N,,
2002,2002-06-05,rus,Russia,tun,Tunisia,2,0,Round 1 - Group H,N,N,,
2002,2002-06-09,jpn,Japan,rus,Russia,1,0,Round 1 - Group H,N,N,,
2002,2002-06-10,tun,Tunisia,bel,Belgium,1,1,Round 1 - Group H,N,N,,
2002,2002-06-14,tun,Tunisia,jpn,Japan,0,2,Round 1 - Group H,N,N,,
2002,2002-06-14,bel,Belgium,rus,Russia,3,2,Round 1 - Group H,N,N,,
2002,2002-06-15,ger,Germany,par,Paraguay,1,0,Round of 16,N,N,,
2002,2002-06-15,den,Denmark,eng,England,0,3,Round of 16,N,N,,
2002,2002-06-16,swe,Sweden,sen,Senegal,1,2,Round of 16,Y,N,,
2002,2002-06-16,esp,Spain,irl,Republic of Ireland,1,1,Round of 16,Y,Y,3,2
2002,2002-06-17,mex,Mexico,usa,United States,0,2,Round of 16,N,N,,
2002,2002-06-17,bra,Brazil,bel,Belgium,2,0,Round of 16,N,N,,
2002,2002-06-18,jpn,Japan,tur,Turkey,0,1,Round of 16,N,N,,
2002,2002-06-18,kor,South Korea,ita,Italy,2,1,Round of 16,Y,N,,
2002,2002-06-21,eng,England,bra,Brazil,1,2,Quarter Final,N,N,,
2002,2002-06-21,ger,Germany,usa,United States,1,0,Quarter Final,N,N,,
2002,2002-06-22,esp,Spain,kor,South Korea,0,0,Quarter Final,Y,Y,3,5
2002,2002-06-22,sen,Senegal,tur,Turkey,0,1,Quarter Final,Y,N,,
2002,2002-06-25,ger,Germany,kor,South Korea,1,0,Semi-Final,N,N,,
2002,2002-06-26,bra,Brazil,tur,Turkey,1,0,Semi-Final,N,N,,
2002,2002-06-29,kor,South Korea,tur,Turkey,2,3,Third Place,N,N,,
2002,2002-06-30,ger,Germany,bra,Brazil,0,2,Final,N,N,,
2006,2006-06-09,ger,Germany,crc,Costa Rica,4,2,Round 1 - Group A,N,N,,
2006,2006-06-09,pol,Poland,ecu,Ecuador,0,2,Round 1 - Group A,N,N,,
2006,2006-06-14,ger,Germany,pol,Poland,1,0,Round 1 - Group A,N,N,,
2006,2006-06-15,ecu,Ecuador,crc,Costa Rica,3,0,Round 1 - Group A,N,N,,
2006,2006-06-20,ecu,Ecuador,ger,Germany,0,3,Round 1 - Group A,N,N,,
2006,2006-06-20,crc,Costa Rica,pol,Poland,1,2,Round 1 - Group A,N,N,,
2006,2006-06-10,eng,England,par,Paraguay,1,0,Round 1 - Group B,N,N,,
2006,2006-06-10,tri,Trinidad and Tobago,swe,Sweden,0,0,Round 1 - Group B,N,N,,
2006,2006-06-15,eng,England,tri,Trinidad and Tobago,2,0,Round 1 - Group B,N,N,,
2006,2006-06-15,swe,Sweden,par,Paraguay,1,0,Round 1 - Group B,N,N,,
2006,2006-06-20,swe,Sweden,eng,England,2,2,Round 1 - Group B,N,N,,
2006,2006-06-20,par,Paraguay,tri,Trinidad and Tobago,2,0,Round 1 - Group B,N,N,,
2006,2006-06-10,arg,Argentina,civ,Ivory Coast,2,1,Round 1 - Group C,N,N,,
2006,2006-06-11,scg,Serbia and Montenegro,ned,Netherlands,0,1,Round 1 - Group C,N,N,,
2006,2006-06-16,arg,Argentina,scg,Serbia and Montenegro,6,0,Round 1 - Group C,N,N,,
2006,2006-06-16,ned,Netherlands,civ,Ivory Coast,2,1,Round 1 - Group C,N,N,,
2006,2006-06-21,ned,Netherlands,arg,Argentina,0,0,Round 1 - Group C,N,N,,
2006,2006-06-21,civ,Ivory Coast,scg,Serbia and Montenegro,3,2,Round 1 - Group C,N,N,,
2006,2006-06-11,mex,Mexico,irn,Iran,3,1,Round 1 - Group D,N,N,,
2006,2006-06-11,ang,Angola,por,Portugal,0,1,Round 1 - Group D,N,N,,
2006,2006-06-16,mex,Mexico,ang,Angola,0,0,Round 1 - Group D,N,N,,
2006,2006-06-17,por,Portugal,irn,Iran,2,0,Round 1 - Group D,N,N,,
2006,2006-06-21,por,Portugal,mex,Mexico,2,1,Round 1 - Group D,N,N,,
2006,2006-06-21,irn,Iran,ang,Angola,1,1,Round 1 - Group D,N,N,,
2006,2006-06-12,ita,Italy,gha,Ghana,2,0,Round 1 - Group E,N,N,,
2006,2006-06-12,usa,United States,cze,Czech Republic,0,3,Round 1 - Group E,N,N,,
2006,2006-06-17,ita,Italy,usa,United States,1,1,Round 1 - Group E,N,N,,
2006,2006-06-17,cze,Czech Republic,gha,Ghana,0,2,Round 1 - Group E,N,N,,
2006,2006-06-22,cze,Czech Republic,ita,Italy,0,2,Round 1 - Group E,N,N,,
2006,2006-06-22,gha,Ghana,usa,United States,2,1,Round 1 - Group E,N,N,,
2006,2006-06-13,bra,Brazil,cro,Croatia,1,0,Round 1 - Group F,N,N,,
2006,2006-06-12,aus,Australia,jpn,Japan,3,1,Round 1 - Group F,N,N,,
2006,2006-06-18,bra,Brazil,aus,Australia,2,0,Round 1 - Group F,N,N,,
2006,2006-06-18,jpn,Japan,cro,Croatia,0,0,Round 1 - Group F,N,N,,
2006,2006-06-22,jpn,Japan,bra,Brazil,1,4,Round 1 - Group F,N,N,,
2006,2006-06-22,cro,Croatia,aus,Australia,2,2,Round 1 - Group F,N,N,,
2006,2006-06-13,fra,France,sui,Switzerland,0,0,Round 1 - Group G,N,N,,
2006,2006-06-13,kor,South Korea,tog,Togo,2,1,Round 1 - Group G,N,N,,
2006,2006-06-18,fra,France,kor,South Korea,1,1,Round 1 - Group G,N,N,,
2006,2006-06-19,tog,Togo,sui,Switzerland,0,2,Round 1 - Group G,N,N,,
2006,2006-06-23,tog,Togo,fra,France,0,2,Round 1 - Group G,N,N,,
2006,2006-06-23,sui,Switzerland,kor,South Korea,2,0,Round 1 - Group G,N,N,,
2006,2006-06-14,esp,Spain,ukr,Ukraine,4,0,Round 1 - Group H,N,N,,
2006,2006-06-14,tun,Tunisia,ksa,Saudi Arabia,2,2,Round 1 - Group H,N,N,,
2006,2006-06-19,esp,Spain,tun,Tunisia,3,1,Round 1 - Group H,N,N,,
2006,2006-06-19,ksa,Saudi Arabia,ukr,Ukraine,0,4,Round 1 - Group H,N,N,,
2006,2006-06-23,ksa,Saudi Arabia,esp,Spain,0,1,Round 1 - Group H,N,N,,
2006,2006-06-23,ukr,Ukraine,tun,Tunisia,1,0,Round 1 - Group H,N,N,,
2006,2006-06-24,ger,Germany,swe,Sweden,2,0,Round of 16,N,N,,
2006,2006-06-24,arg,Argentina,mex,Mexico,2,1,Round of 16,Y,N,,
2006,2006-06-25,eng,England,ecu,Ecuador,1,0,Round of 16,N,N,,
2006,2006-06-25,por,Portugal,ned,Netherlands,1,0,Round of 16,N,N,,
2006,2006-06-26,ita,Italy,aus,Australia,1,0,Round of 16,N,N,,
2006,2006-06-26,sui,Switzerland,ukr,Ukraine,0,0,Round of 16,Y,Y,0,3
2006,2006-06-27,bra,Brazil,gha,Ghana,3,0,Round of 16,N,N,,
2006,2006-06-27,esp,Spain,fra,France,1,3,Round of 16,N,N,,
2006,2006-06-30,ger,Germany,arg,Argentina,1,1,Quarter Final,Y,Y,4,2
2006,2006-06-30,ita,Italy,ukr,Ukraine,3,0,Quarter Final,N,N,,
2006,2006-07-01,eng,England,por,Portugal,0,0,Quarter Final,Y,Y,1,3
2006,2006-07-01,bra,Brazil,fra,France,0,1,Quarter Final,N,N,,
2006,2006-07-04,ger,Germany,ita,Italy,0,2,Semi-Final,Y,N,,
2006,2006-07-05,por,Portugal,fra,France,0,1,Semi-Final,N,N,,
2006,2006-07-08,ger,Germany,por,Portugal,3,1,Third Place,N,N,,
2006,2006-07-09,ita,Italy,fra,France,1,1,Final,Y,Y,5,3
2010,2010-06-11,rsa,South Africa,mex,Mexico,1,1,Round 1 - Group A,N,N,,
2010,2010-06-11,uru,Uruguay,fra,France,0,0,Round 1 - Group A,N,N,,
2010,2010-06-16,rsa,South Africa,uru,Uruguay,0,3,Round 1 - Group A,N,N,,
2010,2010-06-17,fra,France,mex,Mexico,0,2,Round 1 - Group A,N,N,,
2010,2010-06-22,mex,Mexico,uru,Uruguay,0,1,Round 1 - Group A,N,N,,
2010,2010-06-22,fra,France,rsa,South Africa,1,2,Round 1 - Group A,N,N,,
2010,2010-06-12,arg,Argentina,nga,Nigeria,1,0,Round 1 - Group B,N,N,,
2010,2010-06-12,kor,South Korea,gre,Greece,2,0,Round 1 - Group B,N,N,,
2010,2010-06-17,gre,Greece,nga,Nigeria,2,1,Round 1 - Group B,N,N,,
2010,2010-06-17,arg,Argentina,kor,South Korea,4,1,Round 1 - Group B,N,N,,
2010,2010-06-22,nga,Nigeria,kor,South Korea,2,2,Round 1 - Group B,N,N,,
2010,2010-06-22,gre,Greece,arg,Argentina,0,2,Round 1 - Group B,N,N,,
2010,2010-06-12,eng,England,usa,United States,1,1,Round 1 - Group C,N,N,,
2010,2010-06-13,alg,Algeria,svn,Slovenia,0,1,Round 1 - Group C,N,N,,
2010,2010-06-18,svn,Slovenia,usa,United States,2,2,Round 1 - Group C,N,N,,
2010,2010-06-18,eng,England,alg,Algeria,0,0,Round 1 - Group C,N,N,,
2010,2010-06-23,svn,Slovenia,eng,England,0,1,Round 1 - Group C,N,N,,
2010,2010-06-23,usa,United States,alg,Algeria,1,0,Round 1 - Group C,N,N,,
2010,2010-06-13,ger,Germany,aus,Australia,4,0,Round 1 - Group D,N,N,,
2010,2010-06-13,srb,Serbia,gha,Ghana,0,1,Round 1 - Group D,N,N,,
2010,2010-06-18,ger,Germany,srb,Serbia,0,1,Round 1 - Group D,N,N,,
2010,2010-06-19,gha,Ghana,aus,Australia,1,1,Round 1 - Group D,N,N,,
2010,2010-06-23,gha,Ghana,ger,Germany,0,1,Round 1 - Group D,N,N,,
2010,2010-06-23,aus,Australia,srb,Serbia,2,1,Round 1 - Group D,N,N,,
2010,2010-06-14,ned,Netherlands,den,Denmark,2,0,Round 1 - Group E,N,N,,
2010,2010-06-14,jpn,Japan,cmr,Cameroon,1,0,Round 1 - Group E,N,N,,
2010,2010-06-19,ned,Netherlands,jpn,Japan,1,0,Round 1 - Group E,N,N,,
2010,2010-06-19,cmr,Cameroon,den,Denmark,1,2,Round 1 - Group E,N,N,,
2010,2010-06-24,den,Denmark,jpn,Japan,1,3,Round 1 - Group E,N,N,,
2010,2010-06-24,cmr,Cameroon,ned,Netherlands,1,2,Round 1 - Group E,N,N,,
2010,2010-06-14,ita,Italy,par,Paraguay,1,1,Round 1 - Group F,N,N,,
2010,2010-06-15,nzl,New Zealand,svk,Slovakia,1,1,Round 1 - Group F,N,N,,
2010,2010-06-20,svk,Slovakia,par,Paraguay,0,2,Round 1 - Group F,N,N,,
2010,2010-06-20,ita,Italy,nzl,New Zealand,1,1,Round 1 - Group F,N,N,,
2010,2010-06-24,svk,Slovakia,ita,Italy,3,2,Round 1 - Group F,N,N,,
2010,2010-06-24,par,Paraguay,nzl,New Zealand,0,0,Round 1 - Group F,N,N,,
2010,2010-06-15,civ,Ivory Coast,por,Portugal,0,0,Round 1 - Group G,N,N,,
2010,2010-06-15,bra,Brazil,prk,North Korea,2,1,Round 1 - Group G,N,N,,
2010,2010-06-20,bra,Brazil,civ,Ivory Coast,3,1,Round 1 - Group G,N,N,,
2010,2010-06-21,por,Portugal,prk,North Korea,7,0,Round 1 - Group G,N,N,,
2010,2010-06-25,por,Portugal,bra,Brazil,0,0,Round 1 - Group G,N,N,,
2010,2010-06-25,prk,North Korea,civ,Ivory Coast,0,3,Round 1 - Group G,N,N,,
2010,2010-06-16,hon,Honduras,chi,Chile,0,1,Round 1 - Group H,N,N,,
2010,2010-06-16,esp,Spain,sui,Switzerland,0,1,Round 1 - Group H,N,N,,
2010,2010-06-21,chi,Chile,sui,Switzerland,1,0,Round 1 - Group H,N,N,,
2010,2010-06-21,esp,Spain,hon,Honduras,2,0,Round 1 - Group H,N,N,,
2010,2010-06-25,chi,Chile,esp,Spain,1,2,Round 1 - Group H,N,N,,
2010,2010-06-25,sui,Switzerland,hon,Honduras,0,0,Round 1 - Group H,N,N,,
2010,2010-06-26,uru,Uruguay,kor,South Korea,2,1,Round of 16,N,N,,
2010,2010-06-26,usa,United States,gha,Ghana,1,2,Round of 16,Y,N,,
2010,2010-06-27,ger,Germany,eng,England,4,1,Round of 16,N,N,,
2010,2010-06-27,arg,Argentina,mex,Mexico,3,1,Round of 16,N,N,,
2010,2010-06-28,ned,Netherlands,svk,Slovakia,2,1,Round of 16,N,N,,
2010,2010-06-28,bra,Brazil,chi,Chile,3,0,Round of 16,N,N,,
2010,2010-06-29,par,Paraguay,jpn,Japan,0,0,Round of 16,Y,Y,5,3
2010,2010-06-29,esp,Spain,por,Portugal,1,0,Round of 16,N,N,,
2010,2010-07-02,ned,Netherlands,bra,Brazil,2,1,Quarter Final,N,N,,
2010,2010-07-02,uru,Uruguay,gha,Ghana,1,1,Quarter Final,Y,Y,4,2
2010,2010-07-03,arg,Argentina,ger,Germany,0,4,Quarter Final,N,N,,
2010,2010-07-03,par,Paraguay,esp,Spain,0,1,Quarter Final,N,N,,
2010,2010-07-06,uru,Uruguay,ned,Netherlands,2,3,Semi-Final,N,N,,
2010,2010-07-07,ger,Germany,esp,Spain,0,1,Semi-Final,N,N,,
2010,2010-07-10,uru,Uruguay,ger,Germany,2,3,Third Place,N,N,,
2010,2010-07-11,ned,Netherlands,esp,Spain,0,1,Final,Y,N,,
2014,2014-06-12,bra,Brazil,cro,Croatia,3,1,Round 1 - Group A,N,N,,
2014,2014-06-13,mex,Mexico,cmr,Cameroon,1,0,Round 1 - Group A,N,N,,
2014,2014-06-17,bra,Brazil,mex,Mexico,0,0,Round 1 - Group A,N,N,,
2014,2014-06-18,cmr,Cameroon,cro,Croatia,0,4,Round 1 - Group A,N,N,,
2014,2014-06-23,cmr,Cameroon,bra,Brazil,1,4,Round 1 - Group A,N,N,,
2014,2014-06-23,cro,Croatia,mex,Mexico,1,3,Round 1 - Group A,N,N,,
2014,2014-06-13,esp,Spain,ned,Netherlands,1,5,Round 1 - Group B,N,N,,
2014,2014-06-13,chi,Chile,aus,Australia,3,1,Round 1 - Group B,N,N,,
2014,2014-06-18,aus,Australia,ned,Netherlands,2,3,Round 1 - Group B,N,N,,
2014,2014-06-18,esp,Spain,chi,Chile,0,2,Round 1 - Group B,N,N,,
2014,2014-06-23,aus,Australia,esp,Spain,0,3,Round 1 - Group B,N,N,,
2014,2014-06-23,ned,Netherlands,chi,Chile,2,0,Round 1 - Group B,N,N,,
2014,2014-06-14,col,Colombia,gre,Greece,3,0,Round 1 - Group C,N,N,,
2014,2014-06-14,civ,Ivory Coast,jpn,Japan,2,1,Round 1 - Group C,N,N,,
2014,2014-06-19,col,Colombia,civ,Ivory Coast,2,1,Round 1 - Group C,N,N,,
2014,2014-06-19,jpn,Japan,gre,Greece,0,0,Round 1 - Group C,N,N,,
2014,2014-06-24,jpn,Japan,col,Colombia,1,4,Round 1 - Group C,N,N,,
2014,2014-06-24,gre,Greece,civ,Ivory Coast,2,1,Round 1 - Group C,N,N,,
2014,2014-06-14,uru,Uruguay,crc,Costa Rica,1,3,Round 1 - Group D,N,N,,
2014,2014-06-14,eng,England,ita,Italy,1,2,Round 1 - Group D,N,N,,
2014,2014-06-19,uru,Uruguay,eng,England,2,1,Round 1 - Group D,N,N,,
2014,2014-06-20,ita,Italy,crc,Costa Rica,0,1,Round 1 - Group D,N,N,,
2014,2014-06-24,ita,Italy,uru,Uruguay,0,1,Round 1 - Group D,N,N,,
2014,2014-06-24,crc,Costa Rica,eng,England,0,0,Round 1 - Group D,N,N,,
2014,2014-06-15,sui,Switzerland,ecu,Ecuador,2,1,Round 1 - Group E,N,N,,
2014,2014-06-15,fra,France,hon,Honduras,3,0,Round 1 - Group E,N,N,,
2014,2014-06-20,sui,Switzerland,fra,France,2,5,Round 1 - Group E,N,N,,
2014,2014-06-20,hon,Honduras,ecu,Ecuador,1,2,Round 1 - Group E,N,N,,
2014,2014-06-25,hon,Honduras,sui,Switzerland,0,3,Round 1 - Group E,N,N,,
2014,2014-06-25,ecu,Ecuador,fra,France,0,0,Round 1 - Group E,N,N,,
2014,2014-06-15,arg,Argentina,bih,Bosnia and Herzegovina,2,1,Round 1 - Group F,N,N,,
2014,2014-06-16,irn,Iran,nga,Nigeria,0,0,Round 1 - Group F,N,N,,
2014,2014-06-21,arg,Argentina,irn,Iran,1,0,Round 1 - Group F,N,N,,
2014,2014-06-21,nga,Nigeria,bih,Bosnia and Herzegovina,1,0,Round 1 - Group F,N,N,,
2014,2014-06-25,nga,Nigeria,arg,Argentina,2,3,Round 1 - Group F,N,N,,
2014,2014-06-25,bih,Bosnia and Herzegovina,irn,Iran,3,1,Round 1 - Group F,N,N,,
2014,2014-06-16,ger,Germany,por,Portugal,4,0,Round 1 - Group G,N,N,,
2014,2014-06-16,gha,Ghana,usa,United States,1,2,Round 1 - Group G,N,N,,
2014,2014-06-21,ger,Germany,gha,Ghana,2,2,Round 1 - Group G,N,N,,
2014,2014-06-22,usa,United States,por,Portugal,2,2,Round 1 - Group G,N,N,,
2014,2014-06-26,usa,United States,ger,Germany,0,1,Round 1 - Group G,N,N,,
2014,2014-06-26,por,Portugal,gha,Ghana,2,1,Round 1 - Group G,N,N,,
2014,2014-06-17,bel,Belgium,alg,Algeria,2,1,Round 1 - Group H,N,N,,
2014,2014-06-17,rus,Russia,kor,South Korea,1,1,Round 1 - Group H,N,N,,
2014,2014-06-22,bel,Belgium,rus,Russia,1,0,Round 1 - Group H,N,N,,
2014,2014-06-22,kor,South Korea,alg,Algeria,2,4,Round 1 - Group H,N,N,,
2014,2014-06-26,kor,South Korea,bel,Belgium,0,1,Round 1 - Group H,N,N,,
2014,2014-06-26,alg,Algeria,rus,Russia,1,1,Round 1 - Group H,N,N,,
2014,2014-06-28,bra,Brazil,chi,Chile,1,1,Round of 16,Y,Y,3,2
2014,2014-06-28,col,Colombia,uru,Uruguay,2,0,Round of 16,N,N,,
2014,2014-06-29,ned,Netherlands,mex,Mexico,2,1,Round of 16,N,N,,
2014,2014-06-29,crc,Costa Rica,gre,Greece,1,1,Round of 16,Y,Y,5,3
2014,2014-06-30,fra,France,nga,Nigeria,2,0,Round of 16,N,N,,
2014,2014-06-30,ger,Germany,alg,Algeria,2,1,Round of 16,Y,N,,
2014,2014-07-01,arg,Argentina,sui,Switzerland,1,0,Round of 16,Y,N,,
2014,2014-07-01,bel,Belgium,usa,United States,2,1,Round of 16,Y,N,,
2014,2014-07-04,fra,France,ger,Germany,0,1,Quarter Final,N,N,,
2014,2014-07-04,bra,Brazil,col,Colombia,2,1,Quarter Final,N,N,,
2014,2014-07-05,arg,Argentina,bel,Belgium,1,0,Quarter Final,N,N,,
2014,2014-07-05,ned,Netherlands,crc,Costa Rica,0,0,Quarter Final,Y,Y,4,3
2014,2014-07-08,bra,Brazil,ger,Germany,1,7,Semi-Final,N,N,,
2014,2014-07-09,ned,Netherlands,arg,Argentina,0,0,Semi-Final,Y,Y,2,4
2014,2014-07-12,bra,Brazil,ned,Netherlands,0,3,Third Place,N,N,,
2014,2014-07-13,ger,Germany,arg,Argentina,1,0,Final,Y,N,,
